1,0815.ru
2,0wnd.net
3,0wnd.org
4,10minutemail.co.za
5,10minutemail.com
6,123-m.com
7,1fsdfdsfsdf.tk
8,1pad.de
9,20minutemail.com
10,21cn.com
11,2fdgdfgdfgdf.tk
12,2prong.com
13,30minutemail.com
14,33mail.com
15,3trtretgfrfe.tk
16,4gfdsgfdgfd.tk
17,4warding.com
18,5ghgfhfghfgh.tk
19,6hjgjhgkilkj.tk
20,6paq.com
21,7tags.com
22,9ox.net
23,a-bc.net
24,agedmail.com
25,ama-trade.de
26,amilegit.com
27,amiri.net
28,amiriindustries.com
29,anonmails.de
30,anonymbox.com
31,antichef.com
32,antichef.net
33,antireg.ru
34,antispam.de
35,antispammail.de
36,armyspy.com
37,artman-conception.com
38,azmeil.tk
39,baxomale.ht.cx
40,beefmilk.com
41,bigstring.com
42,binkmail.com
43,bio-muesli.net
44,bobmail.info
45,bodhi.lawlita.com
46,bofthew.com
47,bootybay.de
48,boun.cr
49,bouncr.com
50,breakthru.com
51,brefmail.com
52,bsnow.net
53,bspamfree.org
54,bugmenot.com
55,bund.us
56,burstmail.info
57,buymoreplays.com
58,byom.de
59,c2.hu
60,card.zp.ua
61,casualdx.com
62,cek.pm
63,centermail.com
64,centermail.net
65,chammy.info
66,childsavetrust.org
67,chogmail.com
68,choicemail1.com
69,clixser.com
70,cmail.net
71,cmail.org
72,coldemail.info
73,cool.fr.nf
74,courriel.fr.nf
75,courrieltemporaire.com
76,crapmail.org
77,cust.in
78,cuvox.de
79,d3p.dk
80,dacoolest.com
81,dandikmail.com
82,dayrep.com
83,dcemail.com
84,deadaddress.com
85,deadspam.com
86,delikkt.de
87,despam.it
88,despammed.com
89,devnullmail.com
90,dfgh.net
91,digitalsanctuary.com
92,dingbone.com
93,disposableaddress.com
94,disposableemailaddresses.com
95,disposableinbox.com
96,dispose.it
97,dispostable.com
98,dodgeit.com
99,dodgit.com
100,donemail.ru
101,dontreg.com
102,dontsendmespam.de
103,drdrb.net
104,dump-email.info
105,dumpandjunk.com
106,dumpyemail.com
107,e-mail.com
108,e-mail.org
109,e4ward.com
110,easytrashmail.com
111,einmalmail.de
112,einrot.com
113,eintagsmail.de
114,emailgo.de
115,emailias.com
116,emaillime.com
117,emailsensei.com
118,emailtemporanea.com
119,emailtemporanea.net
120,emailtemporar.ro
121,emailtemporario.com.br
122,emailthe.net
123,emailtmp.com
124,emailwarden.com
125,emailx.at.hm
126,emailxfer.com
127,emeil.in
128,emeil.ir
129,emz.net
130,ero-tube.org
131,evopo.com
132,explodemail.com
133,express.net.ua
134,eyepaste.com
135,fakeinbox.com
136,fakeinformation.com
137,fansworldwide.de
138,fantasymail.de
139,fightallspam.com
140,filzmail.com
141,fivemail.de
142,fleckens.hu
143,frapmail.com
144,friendlymail.co.uk
145,fuckingduh.com
146,fudgerub.com
147,fyii.de
148,garliclife.com
149,gehensiemirnichtaufdensack.de
150,get2mail.fr
151,getairmail.com
152,getmails.eu
153,getonemail.com
154,giantmail.de
155,girlsundertheinfluence.com
156,gishpuppy.com
157,gmial.com
158,goemailgo.com
159,gotmail.net
160,gotmail.org
161,gotti.otherinbox.com
162,great-host.in
163,greensloth.com
164,grr.la
165,gsrv.co.uk
166,guerillamail.biz
167,guerillamail.com
168,guerrillamail.biz
169,guerrillamail.com
170,guerrillamail.de
171,guerrillamail.info
172,guerrillamail.net
173,guerrillamail.org
174,guerrillamailblock.com
175,gustr.com
176,harakirimail.com
177,hat-geld.de
178,hatespam.org
179,herp.in
180,hidemail.de
181,hidzz.com
182,hmamail.com
183,hopemail.biz
184,ieh-mail.de
185,ikbenspamvrij.nl
186,imails.info
187,inbax.tk
188,inbox.si
189,inboxalias.com
190,inboxclean.com
191,inboxclean.org
192,infocom.zp.ua
193,instant-mail.de
194,ip6.li
195,irish2me.com
196,iwi.net
197,jetable.com
198,jetable.fr.nf
199,jetable.net
200,jetable.org
201,jnxjn.com
202,jourrapide.com
203,jsrsolutions.com
204,kasmail.com
205,kaspop.com
206,killmail.com
207,killmail.net
208,klassmaster.com
209,klzlk.com
210,koszmail.pl
211,kurzepost.de
212,lawlita.com
213,letthemeatspam.com
214,lhsdv.com
215,lifebyfood.com
216,link2mail.net
217,litedrop.com
218,lol.ovpn.to
219,lolfreak.net
220,lookugly.com
221,lortemail.dk
222,lr78.com
223,lroid.com
224,lukop.dk
225,m21.cc
226,mail-filter.com
227,mail-temporaire.fr
228,mail.by
229,mail.mezimages.net
230,mail.zp.ua
231,mail1a.de
232,mail21.cc
233,mail2rss.org
234,mail333.com
235,mailbidon.com
236,mailbiz.biz
237,mailblocks.com
238,mailbucket.org
239,mailcat.biz
240,mailcatch.com
241,mailde.de
242,mailde.info
243,maildrop.cc
244,maileimer.de
245,mailexpire.com
246,mailfa.tk
247,mailforspam.com
248,mailfreeonline.com
249,mailguard.me
250,mailin8r.com
251,mailinater.com
252,mailinator.com
253,mailinator.net
254,mailinator.org
255,mailinator2.com
256,mailincubator.com
257,mailismagic.com
258,mailme.lv
259,mailme24.com
260,mailmetrash.com
261,mailmoat.com
262,mailms.com
263,mailnesia.com
264,mailnull.com
265,mailorg.org
266,mailpick.biz
267,mailrock.biz
268,mailscrap.com
269,mailshell.com
270,mailsiphon.com
271,mailtemp.info
272,mailtome.de
273,mailtothis.com
274,mailtrash.net
275,mailtv.net
276,mailtv.tv
277,mailzilla.com
278,makemetheking.com
279,manybrain.com
280,mbx.cc
281,mega.zik.dj
282,meinspamschutz.de
283,meltmail.com
284,messagebeamer.de
285,mezimages.net
286,ministry-of-silly-walks.de
287,mintemail.com
288,misterpinball.de
289,moncourrier.fr.nf
290,monemail.fr.nf
291,monmail.fr.nf
292,monumentmail.com
293,mt2009.com
294,mt2014.com
295,mycard.net.ua
296,mycleaninbox.net
297,mymail-in.net
298,mypacks.net
299,mypartyclip.de
300,myphantomemail.com
301,mysamp.de
302,mytempemail.com
303,mytempmail.com
304,mytrashmail.com
305,nabuma.com
306,neomailbox.com
307,nepwk.com
308,nervmich.net
309,nervtmich.net
310,netmails.com
311,netmails.net
312,neverbox.com
313,nice-4u.com
314,nincsmail.hu
315,nnh.com
316,no-spam.ws
317,noblepioneer.com
318,nomail.pw
319,nomail.xl.cx
320,nomail2me.com
321,nomorespamemails.com
322,nospam.ze.tc
323,nospam4.us
324,nospamfor.us
325,nospammail.net
326,notmailinator.com
327,nowhere.org
328,nowmymail.com
329,nurfuerspam.de
330,nus.edu.sg
331,objectmail.com
332,obobbo.com
333,odnorazovoe.ru
334,oneoffemail.com
335,onewaymail.com
336,onlatedotcom.info
337,online.ms
338,opayq.com
339,ordinaryamerican.net
340,otherinbox.com
341,ovpn.to
342,owlpic.com
343,pancakemail.com
344,pcusers.otherinbox.com
345,pjjkp.com
346,plexolan.de
347,poczta.onet.pl
348,politikerclub.de
349,poofy.org
350,pookmail.com
351,privacy.net
352,privatdemail.net
353,proxymail.eu
354,prtnx.com
355,putthisinyourspamdatabase.com
356,putthisinyourspamdatabase.com
357,qq.com
358,quickinbox.com
359,rcpt.at
360,reallymymail.com
361,realtyalerts.ca
362,recode.me
363,recursor.net
364,reliable-mail.com
365,rhyta.com
366,rmqkr.net
367,royal.net
368,rtrtr.com
369,s0ny.net
370,safe-mail.net
371,safersignup.de
372,safetymail.info
373,safetypost.de
374,saynotospams.com
375,schafmail.de
376,schrott-email.de
377,secretemail.de
378,secure-mail.biz
379,senseless-entertainment.com
380,services391.com
381,sharklasers.com
382,shieldemail.com
383,shiftmail.com
384,shitmail.me
385,shitware.nl
386,shmeriously.com
387,shortmail.net
388,sibmail.com
389,sinnlos-mail.de
390,slapsfromlastnight.com
391,slaskpost.se
392,smashmail.de
393,smellfear.com
394,snakemail.com
395,sneakemail.com
396,sneakmail.de
397,snkmail.com
398,sofimail.com
399,solvemail.info
400,sogetthis.com
401,soodonims.com
402,spam4.me
403,spamail.de
404,spamarrest.com
405,spambob.net
406,spambog.ru
407,spambox.us
408,spamcannon.com
409,spamcannon.net
410,spamcon.org
411,spamcorptastic.com
412,spamcowboy.com
413,spamcowboy.net
414,spamcowboy.org
415,spamday.com
416,spamex.com
417,spamfree.eu
418,spamfree24.com
419,spamfree24.de
420,spamfree24.org
421,spamgoes.in
422,spamgourmet.com
423,spamgourmet.net
424,spamgourmet.org
425,spamherelots.com
426,spamherelots.com
427,spamhereplease.com
428,spamhereplease.com
429,spamhole.com
430,spamify.com
431,spaml.de
432,spammotel.com
433,spamobox.com
434,spamslicer.com
435,spamspot.com
436,spamthis.co.uk
437,spamtroll.net
438,speed.1s.fr
439,spoofmail.de
440,stuffmail.de
441,super-auswahl.de
442,supergreatmail.com
443,supermailer.jp
444,superrito.com
445,superstachel.de
446,suremail.info
447,talkinator.com
448,teewars.org
449,teleworm.com
450,teleworm.us
451,temp-mail.org
452,temp-mail.ru
453,tempe-mail.com
454,tempemail.co.za
455,tempemail.com
456,tempemail.net
457,tempemail.net
458,tempinbox.co.uk
459,tempinbox.com
460,tempmail.eu
461,tempmaildemo.com
462,tempmailer.com
463,tempmailer.de
464,tempomail.fr
465,temporaryemail.net
466,temporaryforwarding.com
467,temporaryinbox.com
468,temporarymailaddress.com
469,tempthe.net
470,thankyou2010.com
471,thc.st
472,thelimestones.com
473,thisisnotmyrealemail.com
474,thismail.net
475,throwawayemailaddress.com
476,tilien.com
477,tittbit.in
478,tizi.com
479,tmailinator.com
480,toomail.biz
481,topranklist.de
482,tradermail.info
483,trash-mail.at
484,trash-mail.com
485,trash-mail.de
486,trash2009.com
487,trashdevil.com
488,trashemail.de
489,trashmail.at
490,trashmail.com
491,trashmail.de
492,trashmail.me
493,trashmail.net
494,trashmail.org
495,trashymail.com
496,trialmail.de
497,trillianpro.com
498,twinmail.de
499,tyldd.com
500,uggsrock.com
501,umail.net
502,uroid.com
503,us.af
504,venompen.com
505,veryrealemail.com
506,viditag.com
507,viralplays.com
508,vpn.st
509,vsimcard.com
510,vubby.com
511,wasteland.rfc822.org
512,webemail.me
513,weg-werf-email.de
514,wegwerf-emails.de
515,wegwerfadresse.de
516,wegwerfemail.com
517,wegwerfemail.de
518,wegwerfmail.de
519,wegwerfmail.info
520,wegwerfmail.net
521,wegwerfmail.org
522,wh4f.org
523,whyspam.me
524,willhackforfood.biz
525,willselfdestruct.com
526,winemaven.info
527,wronghead.com
528,www.e4ward.com
529,www.mailinator.com
530,wwwnew.eu
531,x.ip6.li
532,xagloo.com
533,xemaps.com
534,xents.com
535,xmaily.com
536,xoxy.net
537,yep.it
538,yogamaven.com
539,yopmail.com
540,yopmail.fr
541,yopmail.net
542,yourdomain.com
543,yuurok.com
544,z1p.biz
545,za.com
546,zehnminuten.de
547,zehnminutenmail.de
548,zippymail.info
549,zoemail.net
550,zomg.info
551,theporndude.com
552,xvideos.com
553,pornhub.com
554,youporn.com
555,tube8.com
556,youjizz.com
557,motherless.com
558,hardsextube.com
559,xnxx.com
560,spankwire.com
561,beeg.com
562,keezmovies.com
563,tubegalore.com
564,porn.com
565,4tube.com
566,pornbox.ch
567,xtube.com
568,yourlust.com
569,tnaflix.com
570,sunporno.com
571,cliphunter.com
572,slutload.com
573,empflix.com
574,vid2c.com
575,xxxbunker.com
576,pornyaz.com
577,overthumbs.com
578,xxxkinky.com
579,ah-me.com
580,eporner.com
581,madthumbs.com
582,fastjizz.com
583,orgasm.com
584,bigtits.com
585,userporn.com
586,xogogo.com
587,spankbang.com
588,perfectgirls.net
589,my18tube.com
590,hdpornstar.com
591,fapdu.com
592,free18.net
593,stileproject.com
594,pornative.com
595,pornrabbit.com
596,fucktube.com
597,sluttyred.com
598,fux.com
599,bustnow.com
600,lubetube.com
601,freudbox.com
602,definefetish.com
603,moviesand.com
604,pornjog.com
605,spankingtube.com
606,definebabe.com
607,bondagetube.tv
608,moviesguy.com
609,alotporn.com
610,vporn.com
611,bangyoulater.com
612,thisvid.com
613,nonktube.com
614,freecreampietube.com
615,sextube.com
616,mofosex.com
617,bravotube.net
618,pinktube.com
619,newsfilter.org
620,xxxymovies.com
621,openaked.com
622,x18.xxx
623,anysex.com
624,timtube.com
625,kosimak.com
626,hibasex.com
627,halasex.com
628,xhamster.com
629,japan-whores.com
630,chicken8.com
631,asianpornmovies.com
632,iyottube.com
633,jmetube.com
634,viewasianporn.com
635,jorpetz.com
636,asianfreeporn.org
637,tokyoporn.com
638,avporn.com
639,kuntfutube.com
640,91porn.com
641,141tube.com
642,thisav.com
643,mynakal.com
644,shesfreaky.com
645,myfreeblack.com
646,hoodamateurs.com
647,ghettotube.com
648,blackz.com
649,homegrownfreaks.net
650,freeebonytube.com
651,realghettogirlfriend.xxx
652,urbanfreakcam.com
653,shegotass.info
654,island-freaks.com
655,viewblackporn.com
656,youtwerk.com
657,ratchetblackporn.com
658,extasytube.com
659,indianpornvideos.com
660,mastishare.com
661,indianxtube.com
662,thiruttumasala.com
663,desihoes.com
664,sexzindian.com
665,indiangilma.com
666,sexzworld.com
667,indiansexztube.com
668,cnnamador.com
669,hellxx.com
670,nude-latina.com
671,videosamadoresbr.com
672,viewlatinaporn.com
673,mafiadaputaria.info
674,deviantclip.com
675,freebdsmtube.com
676,bdsmtubevideos.com
677,fetishtubevideos.com
678,femdom-tube.com
679,femdom-fetish-tube.co
680,extremetube.com
681,ballbustingtube.com
682,slavestube.com
683,femdomlibrary.com
684,humiliation.me
685,fetishbox.com
686,girlincontrol.com
687,bdsmchamber.com
688,bdsmstreak.com
689,dominationtube.com
690,myfetishtube.com
691,heavy-r.com
692,eroprofile.com
693,dirtyshack.com
694,xpee.com
695,shitporntube.com
696,scatrina.com
697,kaviar-tube.com
698,findtubes.com
699,nudevista.com
700,askjolene.com
701,pornmd.com
702,ro89.com
703,tubaholic.com
704,bing.com
705,badjojo.com
706,pornmaxim.com
707,adultvideofinder.com
708,bulktube.com
709,mrsnake.com
710,realgfporn.com
711,submityourflicks.com
712,homemoviestube.com
713,empireamateurs.com
714,homemadeporn.com
715,eroxia.com
716,homebangs.com
717,youramateurporn.com
718,chatroulettetube.com
719,fantasti.cc
720,voyeurweb.com
721,zoig.com
722,burningcamel.com
723,swapsmut.com
724,watchersweb.com
725,coomgirls.com
726,fapjacks.com
727,amateurs-gone-wild.com
728,ruleporn.com
729,cuckold69.com
730,supertangas.com
731,realteengirls.org
732,amateuralbum.net
733,exgfpics.com
734,palevo.com
735,xxxaporn.com
736,tangotime.com
737,candidvoyeurism.com
738,noviceamateurs.com
739,perezhilton.com
740,tmz.com
741,thesuperficial.com
742,dlisted.com
743,justjared.com
744,hollywoodtuna.com
745,hq-celebrity.com
746,egotastic.com
747,hotcelebshome.com
748,theybf.com
749,hollywoodlife.com
750,yahoo.com
751,celebuzz.com
752,thehollywoodgossip.com
753,onlythebestfakes.com
754,cfake.com
755,bcfakes.com
756,cfakers.com
757,celebrity-hq.co.uk
758,gagreport.com
759,nakedcelebgallery.com
760,famousboard.com
761,fakethebitch.com
762,hentaistream.com
763,hentaitube.tv
764,tubehentai.com
765,cartoonporntube.com
766,hbrowse.com
767,gelbooru.com
768,fakku.net
769,hentaicrunch.com
770,animephile.com
771,sankakucomplex.com
772,hentai-foundry.com
773,luscious.net
774,hentairules.net
775,doujin-moe.us
776,rule34.xxx
777,doujinland.com
778,sahadou.com
779,hentai.ms
780,e-hentai.org
781,hentai4manga.com
782,myhentai.tv
783,aerisdies.com
784,c.urvy.org
785,slimythief.com
786,pepsaga.com
787,menagea3.net
788,kitnkayboodle.comicgenesis.com
789,lushstories.com
790,asstr.org
791,eroticast.net
792,literotica.com
793,mcstories.com
794,t-s-s-a.com
795,nifty.org
796,bdsmlibrary.com
797,jessfink.com
798,adultsexgames.xxx
799,mysexgames.com
800,funny-games.biz
801,2adultflashgames.com
802,clitgames.com
803,hornygamer.com
804,anonib.com
805,ichan.org
806,4chan.org
807,porn-chan.com
808,7chan.org
809,420chan.org
810,wetchan.org
811,xxxchan.org
812,4chon.org
813,adultvideodump.com
814,fucking1.com
815,pornvids69.com
816,sexyvideodump.com
817,pinayfresh.com
818,fuckbook18.com
819,adultdumper.com
820,thesexdump.com
821,18pornsearch.com
822,fuckingdumpit.com
823,fuckinglink.com
824,topadultdump.com
825,efukt.com
826,thatsphucked.com
827,joyreactor.com
828,omegle.com
829,dirtyroulette.com
830,chatroulette.com
831,yoloflip.com
832,bazoocam.org
833,sex.com
834,pinsex.com
835,punchpin.com
836,weluvporn.com
837,snatchly.com
838,lustpin.com
839,smutty.com
840,pinme.xxx
841,pornopin.me
842,pingay.com
843,fuskator.com
844,hellokisses.com
845,sexit.fr
846,bustybay.com
847,i-like-nsfw.com
848,babe-lounge.com
849,subimg.net
850,shuttur.com
851,xxxlens.com
852,asspictures.co
853,apina.biz
854,bootyoftheday.co
855,boobsaroundtheworld.com
856,pornolab.net
857,empornium.me
858,pornbay.org
859,pussytorrents.org
860,extratorrent.com
861,thepiratebay.pe
862,pornbits.net
863,rarbg.com
864,bootytape.com
865,webop.me
866,torsky.org
867,xossip.com
868,nutorrent.com
869,gay-lounge.net
870,adultbay.org
871,pornmade.com
872,hotpornfile.org
873,hornywhores.net
874,girlscanner.com
875,vipfucker.com
876,pornoh.info
877,tdarkangel.com
878,worldvoyeur.com
879,rapidhorny.com
880,naked-sluts.us
881,pornshare.biz
882,pissandfist.biz
883,jav-porn.com
884,fairybb.org
885,lustex.net
886,site-rip.org
887,serakon.com
888,pichunter.com
889,hq69.com
890,coedcherry.com
891,nextdoortease.com
892,ero-love.com
893,pussycalor.com
894,kindgirls.com
895,gallerygalore.net
896,nurglesnymphs.com
897,gymnastsnude.com
898,fineartteens.com
899,foxhq.com
900,brdteengal.com
901,tokyoteenies.com
902,labatidora.net
903,hottystop.com
904,xuk.ru
905,teensinasia.com
906,hqtgp.com
907,bondage-shock.com
908,subirporno.com
909,nastypornostars.com
910,erooups.com
911,totallynsfw.com
912,dirtyrottenwhore.com
913,fleshbot.com
914,awsum.me
915,russiasexygirls.com
916,pinkythekinky.com
917,nsfwdump.com
918,tumblr.com
919,nsfworld.com
920,bananabunny.com
921,amateurindex.com
922,freeones.com
923,babepedia.com
924,europornstar.com
925,thenude.eu
926,pornstarbook.com
927,beaverbattle.com
928,botto.ms
929,boo.by
930,tittybattles.com
931,assbattles.com
932,muffbattles.com
933,camelto.es
934,meatbeerbabes.com
935,bootyfix.com
936,nonnudegirls.org
937,ebaumsworld.com
938,thongsaroundtheworld.com
939,thenipslip.com
940,eyehandy.com
941,4gifs.tv
942,jigglegifs.com
943,fuckmaker.tumblr.com
944,giftube.com
945,gifporntube.com
946,europacasino.com
947,titanpoker.com
948,pornbb.org
949,planetsuzy.org
950,intporn.com
951,forumophilia.com
952,vamateur.com
953,porn-w.org
954,phun.org
955,saff.cc
956,sexandfetishforum.com
957,peachyforum.com
958,sexyandfunny.com
959,fritchy.com
960,oneclickchicks.com
961,vintage-erotica-forum.com
962,ns4w.org
963,ua-teens.com
964,pornrush.org
965,scanlover.com
966,rawporn.org
967,hqpdb.com
968,porno-maniac.net
969,kitty-kats.net
970,mediafire.com
971,rapidshare.com
972,reddit.com
973,videarn.com
974,pornhost.com
975,imgur.com
976,imagevenue.com
977,freeimage.us
978,imagebam.com
979,stooorage.com
980,postimage.org
981,imagefap.com
982,imagearn.com
983,pimpandhost.com
984,imagetwist.com
985,uploadhouse.com
986,imgbox.com
987,mozilla.org
988,google.com
989,opera.com
990,apple.com
991,jdownloader.org
992,pchealthboost.co
993,bleepingcomputer.com
994,videolan.org
995,bsplayer.com
996,netnanny.com
997,mypornblocker.com
998,redtube.co
999,drtuber.co
1000,nuvid.co
1001,pornoxo.co
1002,tnaflixfree.net
1003,shufuni.co
1004,twilightsex.co
1005,kporno.co
1006,porntitan.co
1007,fuckuh.co
1008,moviegator.co
1009,pornerbros.co
1010,yourlustmovies.co
1011,tubeland.co
1012,jizzall.co
1013,hotgoo.co
1014,yuvutu.co
1015,dirtyxxxvideo.co
1016,privatehomeclips.co
1017,pornologo.co
1018,hellporno.co
1019,wankoz.co
1020,xbabe.co
1021,thenewporn.co
1022,updatetube.co
1023,xxxdessert.co
1024,befuck.co
1025,ice-porn.co
1026,proporn.co
1027,myxvids.co
1028,foxytube.co
1029,pornicom.co
1030,dreamamateurs.co
1031,wetplace.co
1032,fantasy8.co
1033,dansmovies.co
1034,h2porn.co
1035,redvak.co
1036,fookgle.xx
1037,88fuck.co
1038,pervclips.co
1039,dailee.co
1040,pornheed.co
1041,hdporn.ne
1042,bestporntube.or
1043,elephanttube.co
1044,porn-wanted.co
1045,apetube.co
1046,tjoob.co
1047,porncor.co
1048,freetoptube.co
1049,largeporntube.co
1050,search.yahoo.com
1051,ovguide.com
1052,iptorrents.com
1053,pornorip.ne
1054,amazon.co
1055,pinkcherryaffiliate.com
1056,edenfantasys.com
1057,bestpornstardb.com
1058,avn.com
1059,maxim.com
1060,playboy.com
1061,menshealth.com
1062,cosmopolitan.co
1063,livejasmin.com
1064,cams.com
1065,stripshow.com
1066,xlovecam.com
1067,privatefeeds.com
1068,pornication.com
1069,livecamfun.com
1070,webcams.com
1071,sexier.com
1072,rivcams.com
1073,iknowthatgirl.com
1074,tubeum.co
1075,bigmouthfuls.com
1076,pervsonpatrol.com
1077,streetblowjobs.com
1078,sexforums.com
1079,funpic.hu
1080,x17online.co
1081,people.co
1082,laineygossip.co
1083,imnotobsessed.co
1084,hentaischool.com
1085,justicehentai.com
1086,lolhentai.ne
1087,24hentai.co
1088,simply-hentai.co
1089,hdhentaisex.co
1090,sexyfuckgames.co
1091,playporngames.co
1092,playforceone.co
1093,wtfpeople.co
1094,daftporn.co
1095,uselessjunk.co
1096,69games.xx
1097,ccbill.com
1098,pornstarshowdown.com
1099,rateme100.com
1100,beauty-battle.com
1101,zimbio.com
1102,vintagepinupgirls.ne
1103,freesexpins.co
1104,pornpin.co
1105,twitter.com
1106,pinterest.com
1107,art-or-porn.co
1108,ladycheeky.co
1109,mandatory.com
1110,erotica7.com
1111,thechive.com
1112,rk.com
1113,naughtyamerica.com
1114,mofosnetwork.com
1115,teamskeet.com
1116,gfrevenge.com
1117,videosz.com
1118,digitalplayground.com
1119,wickedpictures.com
1120,brazzersnetwork.com
1121,twistys.com
1122,hustler.com
1123,ddfnetwork.com
1124,javhd.com
1125,21sextury.com
1126,pornprosnetwork.com
1127,puffynetwork.com
1128,perfectgonzo.com
1129,allofgfs.com
1130,adultfriendfinder.com
1131,xxxdating.com
1132,getiton.com
1133,perfectmatch.com
1134,xhookups.com
1135,nostringsattached.com
1136,passion.com
1137,cpd8.net
1138,xdatenow.net
1139,hornymatches.com
1140,the-pork.co
1141,fckya.com
1142,pornusers.com
1143,justusboys.co
1144,magic-wigs.co
1145,actual-porn.or
1146,entnt.co
1147,pornpicdumps.co
1148,phapit.co
1149,post-tits.or
1150,softonic.com
1151,mediadetective.com
1152,surfrecon.com
1153,winsite.com
1154,microsoft.com
1155,securemac.com
1156,keepersecurity.co
1157,cnet.com
